Date,Color,Side,Location,Number,Agency,Facility,Lot Number,Source of fish,Age,SL (mm),Release,Reach,Notes,Mark,C,L,S,Year,RM,lat,long,Truck temp,Comments
1/1/02,yellow,left,predorsal,"4,600",MSB,Dexter,,,,,San Marcial,3,,YLD 2002,Y,L,D,2002,67.5,33.680714,-106.992979,,
1/2/02,green,left,predorsal,"7,300",MSB,Dexter,,,,,Socorro,3,,GLD 2002,G,L,D,2002,101.6,34.079163,-106.867126,,
6/2/02,orange,right,predorsal,"2,082",FRO,Abq,,,,,Alameda Bridge,1,,ORD 2002,O,R,D,2002,191.1,35.193578,-106.644815,,
12/9/02,orange,left,predorsal,"41,500",FRO,Dexter,,,,,Corrales,1,,OLD 2002,O,L,D,2002,195,35.226104,-106.596474,,
1/2/03,green,left,predorsal,"61,118",FRO,Dexter,,,,,Bernalillo,1,* plus 918 yankton fish,GLD 2003,G,L,D,2003,203.2,35.322184,-106.557477,,
4/3/03,red,left,predorsal,"22,266",FRO,Dexter,,,,,Sandia Pueblo,1,,RLD 2003,R,L,D,2003,197.8,35.263284,-106.595205,,
1/3/04,,,,"43,206",FRO,Dexter,,,,,Sandia Pueblo,1,,none 2004,,,,2004,197.8,35.263284,-106.595205,,
1/3/04,yellow,right,predorsal,"5,307",FRO,Dexter,,,,,Sandia Pueblo,1,"* 5,307 VIE marked, all were calcein marked (Dexter)",YRD 2004,Y,R,D,2004,197.8,35.263284,-106.595205,,
4/4/04,,,,"41,445",FRO,Dexter,,,,,Sandia-float,1,,none 2004,,,,2004,203-193,#N/A,#N/A,,
4/4/04,red,right,predorsal,"5,100",FRO,Dexter,,"2003 Las Cruces, 2001 Dexter, 2003 BioPark wild caught",1-3,30,Sandia-float,1,"* 5,100 VIE marked, all were calcein marked (Dexter)",RRD 2004,R,R,D,2004,203-193,#N/A,#N/A,,
4/4/04,red,right,predorsal,"10,099",FRO,LC,,"2004 Las Cruces, 2001 Dexter, 2003 BioPark wild caught",1-3,31,Sandia-float,1,* all VIE and calcein (A mountain),RRD 2004,R,R,D,2004,203-193,#N/A,#N/A,,
4/4/04,green,right,predorsal,"8,500",FRO,Abq,CSSA03,Spawn progeny of 01 and 02 wild caught eggs and 01 and 02 adults from those eggs from SA 16 june 2003 ,1,,Sandia-float,1,(COA),GRD 2004,G,R,D,2004,203-193,#N/A,#N/A,,
4/15/04,orange,right,predorsal,"1,500",FRO,Abq,CSSA03,Spawn progeny of 01 and 02 wild caught eggs from SA 16 june 2003 ,1,,Bernalillo,1,all calcein(COA),ORD 2004,O,R,D,2004,203.2,35.322184,-106.557477,,
10/20/04,yellow,left,predorsal,570,ABQ,Abq,WCSA02,,,,Central bridge,1,not part of protocol study,YLD 2004,Y,L,D,2004,182.8,35.088992,-106.680414,,
11/3/04,yellow,right,anal,"9,622",FRO,Dexter,,,0,,Bernalillo-day,1,,YRA 2004,Y,R,A,2004,203.2-193.6,#N/A,#N/A,,
11/3/04,red,right,anal,"8,639",FRO,Dexter,,,,,Sandia-float-day,1,,RRA 2004,R,R,A,2004,204-193.6,#N/A,#N/A,,
11/3/04,yellow,left,anal,"3,021",FRO,Abq,ABP04-007,Wild caught as eggs in 2002,0,,Bernalillo-day,1,,YLA 2004,Y,L,A,2004,203.2-193.6,#N/A,#N/A,,
11/3/04,yellow,left,anal,"2,791",FRO,Abq,CSSA03,Captive spawn of CSSA01 and WCSA02 13 Aug 2003,1,,Bernalillo-day,1,,YLA 2004,Y,L,A,2004,203.2-193.6,#N/A,#N/A,,
11/3/04,yellow,left,anal,433,FRO,Abq,"CSSA03,WCSA03","Natural spawn of CSSA01 and WCSA02, wild caught at San Acacia 2003 16 June 2003",1,,Bernalillo-day,1,,YLA 2004,Y,L,A,2004,203.2-193.6,#N/A,#N/A,,
11/3/04,red,left,anal,"2,638",FRO,Abq,"CSSA03(natural),CSSA03(cpe),WCSA03",,1,,Sandia-float-day,1,,RLA 2004,R,L,A,2004,204-193.6,#N/A,#N/A,,
11/3/04,red,left,anal,715,FRO,Abq,"ABP04-006,010",Wild caught as eggs in 2003 or faster growing CSSA03,1,,Sandia-float-day,1,,RLA 2004,R,L,A,2004,204-193.6,#N/A,#N/A,,
11/3/04,red,left,anal,357,FRO,Abq,CSSA03,Captive spawn 13 Aug 2003 ,1,,Sandia-float-day,1,,RLA 2004,R,L,A,2004,204-193.6,#N/A,#N/A,,
11/3/04,red,left,anal,"2,792",FRO,Abq,"ABP04-011,012,WCSA01,WCSA02,CSSA03 (natural), WCSA03","ABP04-011,012 wild caught as eggs, adults in 2002",2,,Sandia-float-day,1,,RLA 2004,R,L,A,2004,204-193.6,#N/A,#N/A,,
11/5/04,orange,right,anal,"7,845",FRO,Dexter,,,,50,Bernalillo-night,1,,ORA 2004,O,R,A,2004,203.2-193.6,#N/A,#N/A,,
11/5/04,green,right,anal,"6,956",FRO,Dexter,,,,50,Sandia-float-night,1,,GRA 2004,G,R,A,2004,204-193.6,#N/A,#N/A,,
11/5/04,orange,left,anal,"3,245",FRO,Abq,ABP04-007,Wild caught as eggs in 2003,1,,Bernalillo-night,1,,OLA 2004,O,L,A,2004,203.2-193.6,#N/A,#N/A,,
11/5/04,orange,left,anal,834,FRO,Abq,"ABP04-001,002,015","Wild caught as eggs from Dexter, adults from Dexter, from raceway WCSA01/WCSA02/CSSA03/WCSA03",,,Bernalillo-night,1,,OLA 2004,O,L,A,2004,203.2-193.6,#N/A,#N/A,,
11/5/04,orange,left,anal,"1,986",FRO,Abq,"ABP04-011,012,WCSA01,WCSA02,CSSA03 (natural), WCSA03","ABP04-011,012 wild caught as eggs, adults in 2002",2,,Bernalillo-night,1,,OLA 2004,O,L,A,2004,203.2-193.6,#N/A,#N/A,,
11/5/04,green,left,anal,"4,777",FRO,Abq,"ABP04-006, 010",Wild caught as eggs in 2003 or faster growing CSSAO3 from natural spawn,0,,Sandia-float-night,1,"56,651",GLA 2004,G,L,A,2004,204-193.6,#N/A,#N/A,,
11/5/04,green,left,anal,773,FRO,Abq,CSSA03,Captive spawn 13 Aug 2003 ,1,,Sandia-float-night,1,,GLA 2004,G,L,A,2004,204-193.6,#N/A,#N/A,,
11/5/04,green,left,anal,297,FRO,Abq,"CSSA03 (hormone free), CSSA03 (cpe),WCSA03",,1,,Sandia-float-night,1,,GLA 2004,G,L,A,2004,204-193.6,#N/A,#N/A,,
11/5/04,green,left,anal,"1,032",FRO,Abq,"APB04-011,012,WCSA01,WCSA02,WCSA03,CSSA03(natural)","ABP04-011,012 wild caught as eggs, adults in 2002",,,Sandia-float-night,1,,GLA 2004,G,L,A,2004,204-193.6,#N/A,#N/A,,
11/9/04,yellow,left,predorsal,"1,318",ABQ,Abq,CSSA03,Captive spawn 13 Aug 2003 ,1,,Central bridge,1,not part of protocol study,YLD 2004,Y,L,D,2004,182.8,35.088992,-106.680414,,
1/5/05,yellow,left,predorsal,"4,349",ABQ,Abq,"ABP04-011,012,WCSA01,WCSA02,CSSA03 (natural), WCSA03","ABP04-011,012 wild caught as eggs, adults in 2002",2,,Central bridge,1,,YLD 2005,Y,L,D,2005,182.8,35.088992,-106.680414,,
1/5/05,yellow,left,predorsal,475,FRO,LC,,,,,Rio Bravo,1,not part of protocol study,YLD 2005,Y,L,D,2005,177.9,35.02636,-106.67297,,
1/5/05,orange,right,predorsal,"1,540",FRO,FRO,,,,,Rio Bravo,1,not part of protocol study,ORD 2005,O,R,D,2005,177.9,35.02636,-106.67297,,
4/12/05,white,right,anal,802,FRO,Abq,"ABP04-004, ABP04-008",Captive spawn of adults that were wild caught as eggs in 2002 in SA reach,1,,Sandia-float-day,1,,WRA 2005,W,R,A,2005,204-193.6,#N/A,#N/A,,
4/12/05,white,right,anal,"3,858",FRO,Abq,"ABP04-006, 010, 016, 022","Miscellaneous adults from Dexter, B13, WCSA03, CSSA03 (hormone free), wild caught of eggs in 2003, or faster growing CSSAO3 from natural spawn",2,,Sandia-float-day,1,,WRA 2005,W,R,A,2005,204-193.6,#N/A,#N/A,,
4/12/05,white,right,anal,143,FRO,Abq,"ABP04-013,020",Wild caught as eggs in 2002- ABP04-020 reared at Dexter,3,,Sandia-float-day,1,,WRA 2005,W,R,A,2005,204-193.6,#N/A,#N/A,,
4/12/05,white,right,anal,197,FRO,Abq,APB04-003,Wild caught as eggs in 2002 some were CSSA03 naturally spawned in raceway,3,,Sandia-float-day,1,,WRA 2005,W,R,A,2005,204-193.6,#N/A,#N/A,,
4/12/05,purple,right,anal,"4,258",FRO,Abq,"APB04-006,010,016,022","Miscellaneous adults from Dexter, B13, WCSA03, CSSA03 (hormone free), wild caught of eggs in 2003, or faster growing CSSAO3 from natural spawn",2,,Bernalillo-day,1,,PRA 2005,P,R,A,2005,203.2-193.6,#N/A,#N/A,,
4/12/05,purple,right,anal,742,FRO,Abq,"APB04-013,020",Wild caught as eggs in 2002- ABP04-020 reared at Dexter,1-3,,Bernalillo-day,1,,PRA 2005,P,R,A,2005,203.2-193.6,#N/A,#N/A,,
4/12/05,white,left,anal,"11,080",FRO,Dexter,,,,,Sandia-float-day,1,,WLA 2005,W,L,A,2005,204-193.6,#N/A,#N/A,,
4/12/05,purple,left,anal,"8,800",FRO,Dexter,,,,,Bernalillo-day,1,,PLA 2005,P,L,A,2005,203.2-193.6,#N/A,#N/A,,
4/13/05,pink,right,anal,500,FRO,Abq,APB04-003,Wild caught as eggs in 2002 some were CSSA03 naturally spawned in raceway,3,,Sandia-truck-night,1,,PRA 2005,P,R,A,2005,193.6,35.211824,-106.612909,,
4/13/05,pink,right,anal,"1,940",FRO,Abq,"APB04-004,008",Captive spawn of adults that were wild caught as eggs in 2002 in SA reach,3,,Sandia-truck-night,1,,PRA 2005,P,R,A,2005,193.6,35.211824,-106.612909,,
4/13/05,pink,right,anal,"1,088",FRO,Abq,"APB04-006,010,016,022","Miscellaneous adults from Dexter, B13, WCSA03, CSSA03 (hormone free), wild caught of eggs in 2003, or faster growing CSSAO3 from natural spawn",2,,Sandia-truck-night,1,,PRA 2005,P,R,A,2005,193.6,35.211824,-106.612909,,
4/13/05,pink,right,anal,672,FRO,Abq,"APB04-013,020",Wild caught as eggs in 2002- ABP04-020 reared at Dexter,3,,Sandia-truck-night,1,,PRA 2005,P,R,A,2005,193.6,35.211824,-106.612909,,
4/13/05,pink,right,anal,"1,454",FRO,Abq,"CSSA03,CSSA04?",,,,Sandia-truck-night,1,,PRA 2005,P,R,A,2005,193.6,35.211824,-106.612909,,
4/13/05,blue,right,anal,"4,549",FRO,Abq,"ABP04-004,008",Captive spawn of adults that were wild caught as eggs in 2002 in SA reach,1,,Bernalillo-night,1,,BRA 2005,B,R,A,2005,203.2-193.6,#N/A,#N/A,,
4/13/05,blue,right,anal,462,FRO,Abq,"ABP04-013,020",Wild caught as eggs in 2002- ABP04-020 reared at Dexter,3,,Bernalillo-night,1,,BRA 2005,B,R,A,2005,203.2-193.6,#N/A,#N/A,,
4/13/05,pink,left,anal,"10,026",FRO,Dexter,,,,,Sandia-truck-night,1,,PLA 2005,P,L,A,2005,193.6,35.211824,-106.612909,,
4/13/05,blue,left,anal,"10,242",FRO,Dexter,,,,,Bernalillo-night,1,"60,813",BLA 2005,B,L,A,2005,203.2-193.6,#N/A,#N/A,,
5/26/05,green,left,dorsal,"6,638",FRO,Abq,"APB04-001,002,005,007,009,014,015,018,021","Wild caught as eggs in 2002 from San Acacia or Dexter.  Some adults wild caught from Dexter.  ABP04-015 all fish from raceway, WCSA01/WCSA02/CSSA03/WCSA03",2,,Rio Bravo,1,not part of protocol study,GLD 2005,G,L,D,2005,177.9,35.02636,-106.67297,,
5/26/05,green,left,dorsal,"3,719",FRO,Abq,"APB04-006,010,016,022","Miscellaneous adults from Dexter, B13, WCSA03, CSSA03 (hormone free), wild caught of eggs in 2003, or faster growing CSSAO3 from natural spawn",2,,Rio Bravo,1,,GLD 2005,G,L,D,2005,177.9,35.02636,-106.67297,,
7/5/05,orange,right,predorsal,227,ABQ,Abq,DXWC02?,"Wild caught as eggs in 2002, received from Dexter on 31 March 2005",3,,Bridge street,1,P. Domenici ,ORD 2005,O,R,D,2005,181,35.069992,-106.660377,,
7/5/05,orange,left,predorsal,21,ABQ,Abq,"CSSA03,WCSA03",,,,Bridge street,1,P. Domenici,OLD 2005,O,L,D,2005,181,35.069992,-106.660377,,
9/12/05,orange,right,predorsal,"20,000",FRO,Dexter,,,1-1.5,50,Bernalillo,1,not part of protocol study,ORD 2005,O,R,D,2005,203.2,35.322184,-106.557477,,
11/7/05,white,left,predorsal,"21,000",FRO,Dexter,,,,50,Lemitar-Socorro,3,,WLD 2005,W,L,D,2005,107.7-100.3,#N/A,#N/A,,
11/7/05,purple,left,predorsal,"28,986",FRO,Dexter,,,,50,Bernardo,2,,PLD 2005,P,L,D,2005,131.1,34.413847,-106.801025,,
11/7/05,pink,left,predorsal,"25,642",FRO,Dexter,,,,50,Socorro,3,,PLD 2005,P,L,D,2005,101.6,34.079163,-106.867126,,
11/7/05,blue,left,predorsal,"25,436",FRO,Dexter,,Wild caught as eggs in 2002 from Dexter,3,50,Bernardo - Rio Puerco,2,"25,436",BLD 2005,B,L,D,2005,131.4-127.9,#N/A,#N/A,,
11/8/05,white,right,predorsal,"5,812",FRO,Abq,"LC05-003,ABP04-004,008,013,020","ABP04-004,008,013, 020 wild caught from 2002 at San Acacia and Dexter",3,,Bernalillo-Montano,1,,WRD 2005,W,R,D,2005,203-187.2,#N/A,#N/A,,
11/8/05,white,right,predorsal,"6,968",FRO,Abq,"ABP05-002,003,004",Wild caught as eggs in 2002 from Dexter,3,,Bernalillo-Montano,1,,WRD 2005,W,R,D,2005,203-187.2,#N/A,#N/A,,
11/8/05,white,right,predorsal,"2,073",FRO,Abq,"ABP05-007,008,009,010",From WCSA03/CSSA03,,,Bernalillo-Montano,1,,WRD 2005,W,R,D,2005,203-187.2,#N/A,#N/A,,
11/8/05,purple,right,predorsal,"7,693",FRO,Abq,LC05-004,,,,Bridge street,1,,PRD 2005,P,R,D,2005,181,35.069992,-106.660377,,
11/8/05,purple,right,predorsal,"6,228",FRO,Abq,"LC05-003,ABP04-004,008,013,020","ABP04-004,008,013, 020 wild caught in 2002 at San Acacia and Dexter",3,,Bridge street,1,,PRD 2005,P,R,D,2005,181,35.069992,-106.660377,,
11/8/05,pink,right,predorsal,"3,765",FRO,Abq,LC05-003,,,,Bernalillo,1,,PRD 2005,P,R,D,2005,203.2,35.322184,-106.557477,,
11/8/05,pink,right,predorsal,"5,677",FRO,Abq,LC04-004,,,,Bernalillo,1,,PRD 2005,P,R,D,2005,203.2,35.322184,-106.557477,,
11/8/05,pink,right,predorsal,"5,733",FRO,Abq,"LC05-003,ABP04-004,008,013,020","ABP04-004,008,013, 020 wild caught in 2002 at San Acacia and Dexter",3,,Bernalillo,1,,PRD 2005,P,R,D,2005,203.2,35.322184,-106.557477,,
11/8/05,blue,right,predorsal,"8,741",FRO,Abq,LC05-004,,,,Bridge - Los Padillas,1,,BRD 2005,B,R,D,2005,181-173.7,#N/A,#N/A,,
11/8/05,blue,right,predorsal,"1,037",FRO,Abq,LC05-003,,,,Bridge - Los Padillas,1,,BRD 2005,B,R,D,2005,181-173.7,#N/A,#N/A,,
11/8/05,blue,right,predorsal,"2,739",FRO,Abq,"LC05-003,ABP04-004,008,013,020","ABP04-004,008,013, 020 wild caught in 2002 at San Acacia and Dexter",3,,Bridge - Los Padillas,1,,BRD 2005,B,R,D,2005,181-173.7,#N/A,#N/A,,
11/8/05,blue,right,predorsal,"1,568",FRO,Abq,"WCSA03,CSSA03",,,,Bridge - Los Padillas,1,,BRD 2005,B,R,D,2005,181-173.7,#N/A,#N/A,,
11/8/05,blue,right,predorsal,"2,197",FRO,Abq,"ABP05-007,008,009,010",From WCSA03/CSSA03,,,Bridge - Los Padillas,1,,BRD 2005,B,R,D,2005,181-173.7,#N/A,#N/A,,
4/18/06,red,right,predorsal,"10,209",FRO,Abq,"ABP05-001,005",ABP05-001 Wild caught as eggs in 2002; ABP05-005 Wild caught in 2002 Dexter.,4,,Bridge street,1,,RRD 2006,R,R,D,2006,181,35.069992,-106.660377,,
4/18/06,red,right,predorsal,"9,534",FRO,Abq,"ABP05-007,008,009,010",From WCSA03/CSSA03,,,Bridge street,1,,RRD 2006,R,R,D,2006,181,35.069992,-106.660377,,
4/18/06,red,right,predorsal,"4,662",FRO,Abq,LC05-003,,,,Bridge street,1,,RRD 2006,R,R,D,2006,181,35.069992,-106.660377,,
4/18/06,green,right,predorsal,"14,143",FRO,Abq,"APB05-002,003",Wild caught as eggs in 2002 from Dexter,4,,Bernalillo,1,,GRD 2006,G,R,D,2006,203.2,35.322184,-106.557477,,
4/18/06,green,right,predorsal,"4,520",FRO,Abq,"APB05-007,008,009,010",From WCSA03/CSSA03,,,Bernalillo,1,,GRD 2006,G,R,D,2006,203.2,35.322184,-106.557477,,
4/18/06,green,right,predorsal,"4,242",FRO,Abq,LC05-003,,,,Bernalillo,1,,GRD 2006,G,R,D,2006,203.2,35.322184,-106.557477,,
4/18/06,orange,right,predorsal,"30,117",FRO,Dexter,,,,50,Sadd,3,,ORD 2006,O,R,D,2006,115.6,34.255859,-106.888848,,
4/18/06,yellow,right,predorsal,"30,893",FRO,Dexter,,,,50,Rio Puerco Confluence,2,"108,320",YRD 2006,Y,R,D,2006,127.9,34.383985,-106.83584,,
9/21/06,red,left,predorsal,"25,367",FRO,Abq,"ABP05-011,012,014",ABP05-011: B1 (ABP04-004/008/013/020)Wild caught as eggs in 2002 at San Acacia and Dexter; ABP05-012:  Wild caught as eggs in 2002 from Dexter; ABP05-014:  CSSA03/WCSA03,4,,Bridge street,1,,RLD 2006,R,L,D,2006,181,35.069992,-106.660377,,
9/21/06,red,left,predorsal,"18,474",FRO,Abq,"ABP05-013,014",CSSA03/WCSA03,,,Bridge street,1,,RLD 2006,R,L,D,2006,181,35.069992,-106.660377,,
9/21/06,green,left,predorsal,"28,227",FRO,Abq,"ABP05-011,012,014",ABP05-011: B1 (ABP04-004/008/013/020)Wild caught as eggs in 2002 at San Acacia and Dexter; ABP05-012:  Wild caught as eggs in 2002 from Dexter; ABP05-014:  CSSA03/WCSA03,4,,Bernalillo,1,"341,683",GLD 2006,G,L,D,2006,203.2,35.322184,-106.557477,,
9/21/06,green,left,predorsal,"8,246",FRO,Abq,"ABP05-013,014",CSSA03/WCSA03,1,,Bernalillo,1,,GLD 2006,G,L,D,2006,203.2,35.322184,-106.557477,,
9/21/06,green,left,predorsal,"7,693",FRO,Abq,ABP05-016,Unknown,,,Bernalillo,1,,GLD 2006,G,L,D,2006,203.2,35.322184,-106.557477,,
9/21/06,green,left,predorsal,162,FRO,Abq,ABP06-001,,,,Bernalillo,1,,GLD 2006,G,L,D,2006,203.2,35.322184,-106.557477,,
9/21/06,green,left,predorsal,60,FRO,Abq,ABP06-018,ABP06-001 w/WC02 Dexter,1-4,,Bernalillo,1,,GLD 2006,G,L,D,2006,203.2,35.322184,-106.557477,,
10/13/06,,none,,"51,158",FRO,Dexter,,,,,San Marcial,3,*dexter surplus,none 2006,,,,2006,67.5,33.680714,-106.992979,,
10/16/06,orange,left,predorsal,"30,349",FRO,Dexter,,,,40,SADD,3,,OLD 2006,O,L,D,2006,115.6,34.255859,-106.888848,,
10/16/06,yellow,left,predorsal,"30,385",FRO,Dexter,,,,40,Rio Puerco Confluence,2,"174,754",YLD 2006,Y,L,D,2006,127.9,34.383985,-106.83584,,
11/3/06,,none,,"2,500",FRO,Dexter,,,,,San Marcial,3,*abq surplus,none 2006,,,,2006,67.5,33.680714,-106.992979,,
11/21/06,,none,,"107,910",FRO,Dexter,,,,40,San Marcial,3,*dexter surplus,none 2006,,,,2006,67.5,33.680714,-106.992979,,
5/29/07,pink,right,predorsal,370,FRO,Dexter,DX05,Wild caught as eggs,2,,Bridge street,1,,PRD 2007,P,R,D,2007,181,35.069992,-106.660377,,
5/29/07,pink,right,predorsal,"10,148",FRO,Dexter,DX06,Captive spawn,1,62,Bridge street,1,*millionth minnow release,PRD 2007,P,R,D,2007,181,35.069992,-106.660377,,
5/29/07,pink,right,predorsal,"5,938",FRO,Abq,"ABP06-005,006,007,008,009,010,011,012,013",Wild caught as eggs from 380 bridge,1,,Bridge street,1,* millionth minnow release,PRD 2007,P,R,D,2007,181,35.069992,-106.660377,,
5/29/07,pink,right,predorsal,"4,732",FRO,Abq,ABP06-015,Captive spawn,1,,Bridge street,1,,PRD 2007,P,R,D,2007,181,35.069992,-106.660377,,
5/31/07,,none,,"17,000",FRO,Abq,ABP06-013,Wild caught as eggs from 380 bridge,1,,Bridge street,1,*abq surplus,non 2007,,,,2007,181,35.069992,-106.660377,,
10/9/07,pink,left,predorsal,"44,328",FRO,Dexter,DX06,Captive spawn,1,62,Bernardo-Brown's arroyo,2,"split equally between sites, soft-release",PLD 2007,P,L,D,2007,131.4-95.8,#N/A,#N/A,,
10/25/07,pink,left,predorsal,"16,031",FRO,Abq,"ABP05-011,012,014",Captive spawn,2,,1.5 mi below SADD,3,,PLD 2007,P,L,D,2007,114.2,34.242004,-106.897156,,
10/25/07,pink,left,predorsal,"4,607",FRO,Abq,ABP06-015,Captive spawn,1,,1.5 mi below SADD,3,,PLD 2007,P,L,D,2007,114.2,34.242004,-106.897156,,
12/3/07,pink,left,predorsal,"30,000",FRO,Dexter,DX07,Captive spawn,,40,1.5 mi below SADD,3,,PLD 2007,P,L,D,2007,114.2,34.242004,-106.897156,,
11/12/09,yellow,left,predorsal,"21,218",FRO,Abq,"ABP07-006,008,017; ABP08-003,004,005,006","APB07-006,008:  Wild caught B14 (ABP06-014) ; ABP07-017 wild; ABP08-003,005,006:  B1 (ABP07-001,002,003,004); ABP08-004:  Wild caught B6 (ABP07-017)",1-2,,Mid-BDANWR,3,soft release overnight,YLD 2009,Y,L,D,2009,80.4,33.793823,-106.867004,,
11/4/10,orange,right,predorsal,"12,437",Abq,Abq,ABP10-004,"Captive spawn of ABP09-004/ABP08-008,009,012,013",0,45,Jarales Bridge,2,soft release ,ORD 2010,O,R,D,2010,141.3,34.544047,-106.763675,,
11/4/10,orange,right,predorsal,"5,146",FRO,Abq,ABP10-004,"Captive spawn of ABP09-004/ABP08-008,009,012,013",0,45,La Joya,2,soft release ,ORD 2010,O,R,D,2010,131.1,34.413847,-106.801025,,
11/4/10,orange,right,predorsal,"5,715",FRO,LLSMR,DX10CS-02,"DX05WEFO, DX06WEFO",0,49,La Joya,2,soft release ,ORD 2010,O,R,D,2010,131.1,34.413847,-106.801025,,
11/4/10,orange,right,predorsal,"1,761",Abq,Abq,ABP10-005,Captive Spawn of mixed group (see lot# info),0,43,Jarales Bridge,2,soft release ,ORD 2010,O,R,D,2010,141.3,34.544047,-106.763675,,
11/4/10,orange,right,predorsal,728,FRO,Abq,ABP10-005,Captive Spawn of mixed group (see lot# info),0,43,La Joya,2,soft release ,ORD 2010,O,R,D,2010,131.1,34.413847,-106.801025,,
11/4/10,orange,right,predorsal,"5,802",Abq,Abq,"ABP06-002,003,004,014,016/ABP07-001,002,003,004/ABP08-002,003,007",mixed group (see lot# info),2-4,57,Jarales Bridge,2,soft release ,ORD 2010,O,R,D,2010,141.3,34.544047,-106.763675,,
11/4/10,orange,right,predorsal,"2,401",FRO,Abq,"ABP06-002,003,004,014,016/ABP07-001,002,003,004/ABP08-002,003,007",mixed group (see lot# info),2-4,57,La Joya,2,soft release ,ORD 2010,O,R,D,2010,131.1,34.413847,-106.801025,,
11/15/10,orange,right,predorsal,"10,000",FRO,Dexter,DX10CS,Pond 8B,0,52,Bernardo,2,soft release ,ORD 2010,O,R,D,2010,131.1,34.413847,-106.801025,,
11/15/10,orange,right,predorsal,"10,000",FRO,Dexter,DX10CS,Pond 8B,0,52,Above SADD,2,soft release ,ORD 2010,O,R,D,2010,117.8,34.261554,-106.861361,,
11/15/10,orange,right,predorsal,"22,000",FRO,Dexter,DX10CS,Pond 8B,0,52,1.5 mi below SADD,3,soft release ,ORD 2010,O,R,D,2010,114.2,34.242004,-106.897156,,
11/16/10,orange,right,predorsal,"30,000",FRO,Dexter,DX10CS,Pond 8B,0,52,Mid-BDANWR,3,soft release ,ORD 2010,O,R,D,2010,80.4,33.793823,-106.867004,,
11/16/10,orange,right,predorsal,"20,000",FRO,Dexter,DX10CS,Pond 8B,0,52,San Marcial,3,soft release ,ORD 2010,O,R,D,2010,67.5,33.680714,-106.992979,,
11/16/10,orange,right,predorsal,"10,000",FRO,Dexter,DX10CS,Pond 8B,0,52,8 mi below San Marcial,3,soft release ,ORD 2010,O,R,D,2010,58.5,33.587463,-107.050598,,
3/11/11,green,right,predorsal,"3,756",FRO,Dexter,DX09CS,Pond 24D,2,80,1.5 mi below SADD,3,"soft release, remaining fish from PIT tagging",GRD 2011,G,R,D,2011,114.2,34.242004,-106.897156,,
11/14/11,red,right,predorsal,"3,000",FRO,LLSMR,DX11CS-04,Pond 20,0,40,Neil Cupp,3,soft release,RRD 2011,R,R,D,2011,92.2,33.955107,-106.849059,,
11/14/11,red,right,predorsal,"9,000",FRO,Abq,"ABP11-001,002,003,004",mixed group (see lot# info),0,40,Neil Cupp,3,soft release,RRD 2011,R,R,D,2011,92.2,33.955107,-106.849059,,
11/14/11,red,right,predorsal,"43,000",FRO,Abq,"ABP11-001,002,003,004",mixed group (see lot# info),0,40,1.5 mi below SADD,3,soft release,RRD 2011,R,R,D,2011,114.2,34.242004,-106.897156,,
11/16/11,red,right,predorsal,"20,919",FRO,Dexter,DX11CS,,0,55,San Antonio,3,soft release at north boundary BDANWR,RRD 2011,R,R,D,2011,89.7,33.918076,-106.85127,,
11/16/11,red,right,predorsal,"10,000",FRO,Dexter,DX11CS,,0,55,SADD,3,soft release,RRD 2011,R,R,D,2011,115.6,34.255859,-106.888848,,
11/16/11,red,right,predorsal,"15,047",FRO,Dexter,DX11CS,,0,55,Socorro,3,soft release,RRD 2011,R,R,D,2011,101.6,34.079163,-106.867126,,
11/16/11,red,right,predorsal,"23,213",FRO,Dexter,DX11CS,,0,55,Mid-BDANWR,3,soft release,RRD 2011,R,R,D,2011,80.4,33.793823,-106.867004,,
11/16/11,red,right,predorsal,"19,341",FRO,Dexter,DX11CS,,0,55,10 miles below SMRRXG,3,soft release,RRD 2011,R,R,D,2011,56.3,33.568115,-107.071411,,
11/16/11,yellow,right,predorsal,"10,000",FRO,Dexter,DX11CS,,0,60,Bernardo,2,soft release,YRD 2011,Y,R,D,2011,131.1,34.413847,-106.801025,,
11/16/11,yellow,right,predorsal,"26,000",FRO,Dexter,DX11CS,,0,60,La Joya,2,soft release,YRD 2011,Y,R,D,2011,131.1,34.413847,-106.801025,,
11/16/11,yellow,right,predorsal,"11,318",FRO,Dexter,DX11CS,,0,60,Above SADD,2,soft release,YRD 2011,Y,R,D,2011,117.8,34.261554,-106.861361,,
11/3/12,pink ,left,predorsal,"30,270",FRO,Dexter,DX12CS,,0,55,Los Lunas,2,hard release,PLD 2012,P,L,D,2012,161.5,34.807714,-106.715694,,
11/3/12,pink ,left,predorsal,"31,000",FRO,Dexter,DX12CS,,0,55,Jarales Bridge,2,soft release,PLD 2012,P,L,D,2012,141.3,34.544047,-106.763675,,
11/3/12,yellow,left,predorsal,"8,000",FRO,Dexter,DX12CS,,0,58,SADD,3,soft release,YLD 2012,Y,L,D,2012,115.6,34.255859,-106.888848,,
11/3/12,yellow,left,predorsal,"34,000",FRO,Dexter,DX12CS,,0,58,1.5 mi below SADD,3,hard release,YLD 2012,Y,L,D,2012,114.2,34.242004,-106.897156,,
11/5/12,pink,left,predorsal,"1,046",FRO,LLSMR,LLSMR-2012,,0,60,Los Lunas,2,hard release,PLD 2012,P,L,D,2012,161.5,34.807714,-106.715694,,
11/6/12,pink,left,predorsal,"21,000",FRO,Dexter,DX12CS,,0,55,Belen,2,hard release,PLD 2012,P,L,D,2012,149.9,34.652028,-106.737697,,
11/6/12,pink ,left,predorsal,"10,000",FRO,Dexter,DX12CS,,0,55,Bernardo,2,hard release,PLD 2012,P,L,D,2012,131.1,34.413847,-106.801025,,
11/6/12,pink ,left,predorsal,"10,000",FRO,Dexter,DX12CS,,0,55,Above SADD,2,hard release,PLD 2012,P,L,D,2012,117.8,34.261554,-106.861361,,
11/7/12,pink,left,predorsal,"27,241",Abq,Abq,"ABP08-008,009,012,013/ABP09-004 (wild caught as eggs),ABP12-008 (captive spawn),ABP12-009(captive spawn),ABP10-002,006,008,009 (wild caught),ABP12-001 (captive spawn)",mixed group (see lot# info),0,,La Joya,2,hard release,PLD 2012,P,L,D,2012,131.1,34.413847,-106.801025,,
11/7/12,yellow,left,predorsal,"14,000",FRO,Dexter,DX12CS,,0,55,San Marcial,3,hard release,YLD 2012,Y,L,D,2012,67.5,33.680714,-106.992979,,
11/7/12,yellow,left,predorsal,"8,000",FRO,Dexter,DX12CS,,0,55,8 mi below San Marcial,3,hard release,YLD 2012,Y,L,D,2012,58.5,33.587463,-107.050598,,
11/7/12,yellow,left,predorsal,"12,000",FRO,Dexter,DX12CS,,0,55,10 miles below SMRRXG,3,hard release,YLD 2012,Y,L,D,2012,56.3,33.568115,-107.071411,,
11/7/12,yellow,left,predorsal,"18,000",FRO,Dexter,DX12CS,,0,48,North Boundary BDANWR,3,hard release,YLD 2012,Y,L,D,2012,86.5,33.872501,-106.849041,,
11/7/12,yellow,left,predorsal,"10,000",FRO,Dexter,DX12CS,,0,55,Neil Cupp,3,hard release,YLD 2012,Y,L,D,2012,92.2,33.955107,-106.849059,,
11/16/12,yellow,left,predorsal,"17,000",FRO,Dexter,DX12CS,,0,40,Socorro,3,hard release,YLD 2012,Y,L,D,2012,101.6,34.079163,-106.867126,,
11/16/12,yellow,left,predorsal,"23,000",FRO,Dexter,DX12CS,,0,54,Mid-BDANWR,3,hard release,YLD 2012,Y,L,D,2012,80.4,33.793823,-106.867004,,
3/27/13,green/red,right,predorsal,142,FRO,LLSMR,,LLSMR,0,,North Boundary BDANWR,3,"hard release, green marked over pink, christmas color, brood stock",RGRD 2013,G,R,D,2013,86.5,33.872501,-106.849041,,
10/11/13,pink ,right,predorsal,"40,000",FRO,Dexter,DX13CS,,0,55,Alameda Bridge,1,hard release,PRD 2013,P,R,D,2013,191.1,35.193578,-106.644815,,
10/11/13,pink ,right,predorsal,"41,350",FRO,Dexter,DX13CS,,0,55,Bridge Street,1,hard release,PRD 2013,P,R,D,2013,181,35.069992,-106.660377,,
11/1/13,pink ,right,predorsal,"12,500",FRO,Dexter,DX13CS,,0,55,Sandia Pueblo,1,hard release,PRD 2013,P,R,D,2013,197.8,35.263284,-106.595205,,
11/13/13,pink ,right,predorsal,"30,000",FRO,Dexter,DX13CS,,0,55,Santa Ana Pueblo,1,hard release,PRD 2013,P,R,D,2013,207.3,35.361835,-106.515229,,
11/13/13,pink ,right,predorsal,"20,000",FRO,Dexter,DX13CS,,0,60,Los Lunas,2,hard release,PRD 2013,P,R,D,2013,161.5,34.807714,-106.715694,,
11/13/13,green,right,predorsal,77,FRO,LLSMR,,LLSMR,0,73,Los Lunas,2,hard release,GRD 2013,G,R,D,2013,161.5,34.807714,-106.715694,,
11/13/13,pink,right,predorsal,"20,000",FRO,Dexter,DX13CS,,0,60,Peralta Wasteway Outfall,2,hard release,PRD 2013,P,R,D,2013,152.7,34.68941,-106.743757,,
11/13/13,pink,right,predorsal,"20,000",FRO,Dexter,DX13CS,,0,60,Sabinal Drain Outfall,2,hard release,PRD 2013,P,R,D,2013,138.3,34.515528,-106.79369,,
11/13/13,pink,right,predorsal,"5,000",FRO,Dexter,DX13CS,,0,60,Bernardo,2,hard release,PRD 2013,P,R,D,2013,131.1,34.413847,-106.801025,,
11/13/13,pink,right,predorsal,"9,000",FRO,Dexter,DX13CS,,0,60,Rio Puerco Confluence,2,hard release,PRD 2013,P,R,D,2013,127.9,34.383985,-106.83584,,
11/20/13,pink,right,predorsal,"15,000",FRO,Dexter,DX13CS,,0,55,Jarales Bridge,2,hard release,PRD 2013,P,R,D,2013,141.3,34.544047,-106.763675,,
11/20/13,pink,right,predorsal,"15,000",FRO,Dexter,DX13CS,,0,55,SADD,3,hard release,PRD 2013,P,R,D,2013,115.6,34.255859,-106.888848,,
11/20/13,pink,right,predorsal,"15,000",FRO,Dexter,DX13CS,,0,55,Socorro,3,hard release,PRD 2013,P,R,D,2013,101.6,34.079163,-106.867126,,
11/25/13,pink,right,predorsal,"12,500",FRO,Dexter,DX13CS,,0,60,Brown's Arroyo,3,hard release,PRD 2013,P,R,D,2013,95.7,34.001404,-106.870411,,
11/25/13,pink,right,predorsal,"12,500",FRO,Dexter,DX13CS,,0,60,North Boundary BDANWR,3,hard release,PRD 2013,P,R,D,2013,86.5,33.872501,-106.849041,,
11/25/13,pink,right,predorsal,"12,500",FRO,Dexter,DX13CS,,0,60,Mid-BDANWR,3,hard release,PRD 2013,P,R,D,2013,80.4,33.793823,-106.867004,,
11/25/13,pink,right,predorsal,"12,500",FRO,Dexter,DX13CS,,0,60,San Marcial,3,hard release,PRD 2013,P,R,D,2013,67.5,33.680714,-106.992979,,
10/9/14,yellow,left,predorsal,"40,325",FRO,Dexter,DX14CS,,0,55,Santa Ana Pueblo,1,hard release,YLD 2014,Y,L,D,2014,207.3,35.361835,-106.515229,,
10/9/14,yellow,left,predorsal,"40,325",FRO,Dexter,DX14CS,,0,55,Sandia Pueblo,1,hard release,YLD 2014,Y,L,D,2014,197.8,35.263284,-106.595205,,
10/9/14,green,left,predorsal,"4,305",FRO,LLSMR,DX14CS,captive spawn,0,,Alameda Bridge,1,"hard release, 100 used in cage survival study",GLD 2014,G,L,D,2014,191.1,35.193578,-106.644815,,
10/9/14,white,left,predorsal,"1,222",FRO,Abq,ABP14-004,captive spawn,0,,Alameda Bridge,1,"hard release, 100 used in cage survival study",WLD 2014,W,L,D,2014,191.1,35.193578,-106.644815,,
11/10/14,green,left,predorsal,"5,513",FRO,LLSMR,DX14CS,captive spawn,0,,Los Lunas,2,hard release,GLD 2014,G,L,D,2014,161.5,34.807714,-106.715694,,
11/10/14,white,left,predorsal,"24,245",FRO,Abq,ABP14-004,captive spawn,0,,Jarales Bridge,2,hard release,WLD 2014,W,L,D,2014,141.3,34.544047,-106.763675,,
11/10/14,yellow,left,predorsal,"22,000",FRO,Dexter,DX14CS,captive spawn,0,56,Sabinal Drain Outfall,2,hard release,YLD 2014,Y,L,D,2014,138.3,34.515528,-106.79369,,
11/10/14,yellow,left,predorsal,"21,356",FRO,Dexter,DX14CS,captive spawn,0,56,Peralta Wasteway Outfall,2,hard release,YLD 2014,Y,L,D,2014,152.7,34.68941,-106.743757,,
11/10/14,yellow,left,predorsal,"15,000",FRO,Dexter,DX14CS,captive spawn,0,56,Escondida,3,hard release,YLD 2014,Y,L,D,2014,104.8,34.119931,-106.886929,,
11/10/14,yellow,left,predorsal,"15,000",FRO,Dexter,DX14CS,captive spawn,0,56,Socorro,3,hard release,YLD 2014,Y,L,D,2014,101.6,34.079163,-106.867126,,
11/10/14,yellow,left,predorsal,"15,000",FRO,Dexter,DX14CS,captive spawn,0,56,Brown's Arroyo,3,hard release,YLD 2014,Y,L,D,2014,95.7,34.001404,-106.870411,,
11/10/14,yellow,left,predorsal,"16,797",FRO,Dexter,DX14CS,captive spawn,0,56,North Boundary BDANWR,3,hard release,YLD 2014,Y,L,D,2014,86.5,33.872501,-106.849041,,
11/10/14,yellow,left,predorsal,"15,000",FRO,Dexter,DX14CS,captive spawn,0,56,San Marcial,3,hard release,YLD 2014,Y,L,D,2014,67.5,33.680714,-106.992979,,
11/24/14,yellow,left,predorsal,"5,000",FRO,Dexter,DX14CS,captive spawn,0,56,Sabinal Drain Outfall,2,hard release,YLD 2014,Y,L,D,2014,138.3,34.515528,-106.79369,,
11/24/14,yellow,left,predorsal,"27,230",FRO,Dexter,DX14CS,captive spawn,0,56,RGSM Sanctuary,1,hard release,YLD 2014,Y,L,D,2014,179.7,35.050491,-106.661063,,
10/19/15,orange,right,predorsal,"15,000",FRO,Dexter,DX15CS,captive spawn,0,,Santa Ana Pueblo,1,hard release,ORD 2015,O,R,D,2015,207.3,35.361835,-106.515229,,
10/19/15,orange,right,predorsal,"15,000",FRO,Dexter,DX15CS,captive spawn,0,,Sandia Pueblo,1,hard release,ORD 2015,O,R,D,2015,197.8,35.263284,-106.595205,,
10/19/15,orange,right,predorsal,"15,000",FRO,Dexter,DX15CS,captive spawn,0,,Alameda Bridge,1,hard release,ORD 2015,O,R,D,2015,191.1,35.193578,-106.644815,,
10/19/15,orange,right,predorsal,"14,357",FRO,Dexter,DX15CS,captive spawn,0,,RGSM Sanctuary,1,hard release,ORD 2015,O,R,D,2015,179.7,35.050491,-106.661063,,
11/13/15,yellow,right,predorsal,"8,760",FRO,LLSMR,DX15CS,captive spawn,0,,Los Lunas,2,hard release,YRD 2015,Y,R,D,2015,161.5,34.807714,-106.715694,,
11/13/15,white,right,predorsal,"21,311",FRO,Abq,ABP15-001,captive spawn,0,,Bernardo,2,hard release,WRD 2015,W,R,D,2015,131.1,34.413847,-106.801025,,
11/13/15,white,right,predorsal,"2,321",FRO,Abq,ABP12-004,captive spawn,0,,Sabinal Drain Outfall,2,hard release,WRD 2015,W,R,D,2015,138.3,34.515528,-106.79369,,
11/13/15,white,right,predorsal,58,FRO,Abq,ABP14-003,captive spawn,0,,Sabinal Drain Outfall,2,hard release,WRD 2015,W,R,D,2015,138.3,34.515528,-106.79369,,
11/13/15,white,right,predorsal,"18,621",FRO,Abq,ABP15-001,captive spawn,0,,Sabinal Drain Outfall,2,hard release,WRD 2015,W,R,D,2015,138.3,34.515528,-106.79369,,
11/19/15,white,right,predorsal,"22,614",FRO,Abq,ABP15-001,captive spawn,0,,Escondida,3,hard release,WRD 2015,W,R,D,2015,104.8,34.119931,-106.886929,,
11/20/15,white,right,predorsal,"24,529",FRO,Abq,ABP15-001,captive spawn,0,,1.5 mi below SADD,3,hard release,WRD 2015,W,R,D,2015,114.2,34.242004,-106.897156,,
11/23/15,white,right,predorsal,"4,762",FRO,Abq,ABP15-001,captive spawn,0,,Escondida,3,hard release,WRD 2015,W,R,D,2015,104.8,34.119931,-106.886929,,
11/23/15,orange,right,predorsal,"19,000",FRO,Dexter,DX15CS,captive spawn,0,62,North Boundary BDANWR,3,hard release,ORD 2015,O,R,D,2015,86.5,33.872501,-106.849041,,
11/23/15,orange,right,predorsal,"19,216",FRO,Dexter,DX15CS,captive spawn,0,62,San Marcial,3,hard release,ORD 2015,O,R,D,2015,67.5,33.680714,-106.992979,,
4/25/16,red,left,predorsal,"3,122",FRO,Dexter,WCDX-11/12,Wild caught ,3,,Alameda Bridge,1,hard release,RLD 2016,R,L,D,2016,191.1,35.193578,-106.644815,,
10/24/16,pink,left,predorsal,"10,880",FRO,Dexter,16SCDX,captive spawn,0,60,Santa Ana Pueblo,1,hard release,PLD 2016,P,L,D,2016,207.3,35.361835,-106.515229,,
10/24/16,green,left,predorsal,"10,000",FRO,Abq,ABP16-003,captive spawn,0,,Santa Ana Pueblo,3,hard release,GLD 2016,G,L,D,2016,207.3,35.361835,-106.515229,,
11/15/16,green,left,predorsal,"1,511",FRO,abq,ABP16-003/004,captive spawn,0,,South Boundary BdA,3,hard release,GLD 2016,G,L,D,2016,74,33.72163,-106.912266,,
11/15/16,green,left,predorsal,"29,489",FRO,Abq,ABP16-003,captive spawn,0,,South Boundary BdA,3,hard release,GLD 2016,G,L,D,2016,74,33.72163,-106.912266,,
11/17/16,green,left,predorsal,"2,000",FRO,Abq,ABP16-003,captive spawn,0,,Jarales Bridge,2,hard release,GLD 2016,G,L,D,2016,141.3,34.544047,-106.763675,,
11/29/16,green,left,predorsal,"12,000",FRO,Abq,ABP16-003,captive spawn,0,,San Marcial,3,hard release,GLD 2016,G,L,D,2016,67.5,33.680714,-106.992979,,
11/14/17,green,right,predorsal,"16,000",FRO,Dexter,17CSDX,captive spawn,0,60,North Socorro Diversion,3,hard release,GRD 2017,G,R,D,2017,103.2,34.096843,-106.879232,18,
11/14/17,green,right,predorsal,"16,000",FRO,Dexter,17CSDX,captive spawn,0,60,North Boundary BDANWR,3,hard release,GRD 2017,G,R,D,2017,86.5,33.872501,-106.849041,18,
11/14/17,green ,right,predorsal,"16,366",FRO,Dexter,17CSDX,captive spawn,0,60,1.5 mi below SADD,3,hard release,GRD 2017,G,R,D,2017,114.2,34.242004,-106.897156,18,
11/14/17,red,right,predorsal,"4,000",FRO,Abq,ABP17-001/002/003,captive spawn,0,60,North Socorro Diversion,3,hard release,RRD 2017,R,R,D,2017,103.2,34.096843,-106.879232,8,
11/14/17,red,right,predorsal,"4,000",FRO,Abq,ABP17-001/002/003,captive spawn,0,60,North Boundary BDANWR,3,hard release,RRD 2017,R,R,D,2017,86.5,33.872501,-106.849041,8,
11/14/17,red,right,predorsal,"4,000",FRO,Abq,ABP17-001/002/003,captive spawn,0,60,1.5 mi below SADD,3,hard release,RRD 2017,R,R,D,2017,114.2,34.242004,-106.897156,11,
2/15/18,green,left,predorsal,"5,000",FRO,Dexter,17CSDX,captive spawn,0,55,North Socorro Diversion,3,hard release,GLD 2018,G,L,D,2018,103.2,34.096843,-106.879232,,
2/15/18,green,left,predorsal,"4,500",FRO,Dexter,17CSDX,captive spawn,0,55,North Boundary BDANWR,3,hard release,GLD 2018,G,L,D,2018,86.5,33.872501,-106.849041,,
2/15/18,green,left,predorsal,"5,000",FRO,Dexter,17CSDX,captive spawn,0,55,1.5 mi below SADD,3,hard release,GLD 2018,G,L,D,2018,114.2,34.242004,-106.897156,,
2/15/18,red,left,predorsal,"6,000",FRO,Abq,ABP17-001/002/003,captive spawn,0,,North Socorro Diversion,3,hard release,RLD 2018,R,L,D,2018,103.2,34.096843,-106.879232,,
2/15/18,red,left,predorsal,"6,000",FRO,Abq,ABP17-001/002/003,captive spawn,0,,North Boundary BDANWR,3,hard release,RLD 2018,R,L,D,2018,86.5,33.872501,-106.849041,,
2/15/18,red,left,predorsal,"6,000",FRO,Abq,ABP17-001/002/003,captive spawn,0,,1.5 mi below SADD,3,hard release,RLD 2018,R,L,D,2018,114.2,34.242004,-106.897156,,
5/29/18,blue,left,predorsal,196,SWCA,BioPark,,broodstock,5,,SADD,3,hard,BLD 2018,B,L,D,2018,115.6,34.255859,-106.888848,,experimental PIT tagged fish
7/2/18,blue,Right and left,predorsal,540,SWCA,BioPark,,broodstock,5,,SADD,3,hard,BRD 2018,B,R,D,2018,115.6,34.255859,-106.888848,,experimental PIT tagged fish
10/22/18,yellow,left,predorsal,"20,000",FRO,Dexter,,captive spawn,0,45,Santa Ana Pueblo,1,hard release,YLD 2018,Y,L,D,2018,207.3,35.361835,-106.515229,,
10/22/18,yellow,left,predorsal,"20,000",FRO,Dexter,,captive spawn,0,45,Sandia Pueblo,1,hard release,YLD 2018,Y,L,D,2018,197.8,35.263284,-106.595205,,
10/22/18,yellow,left,predorsal,"20,000",FRO,Dexter,,captive spawn,0,45,Alameda Bridge,1,hard release,YLD 2018,Y,L,D,2018,191.1,35.193578,-106.644815,,
11/13/18,orange,left,predorsal,"1,100",FRO,LLSMR,,captive spawn,0,35,4 miles below SADD,3,hard release,OLD 2018,O,L,D,2018,111.9,34.216021,-106.88637,,
11/13/18,orange,left,predorsal,"1,100",FRO,LLSMR,,captive spawn,0,35,North Socorro Diversion,3,hard release,OLD 2018,O,L,D,2018,103.2,34.096843,-106.879232,,
11/13/18,orange,left,predorsal,"1,100",FRO,LLSMR,,captive spawn,0,35,North Boundary BDANWR,3,hard release,OLD 2018,O,L,D,2018,86.5,33.872501,-106.849041,,
11/14/18,yellow,left,predorsal,"7,000",FRO,Dexter,,captive spawn,0,,4 miles below SADD,3,hard release,YLD 2018,Y,L,D,2018,111.9,34.216021,-106.88637,,
11/14/18,yellow,left,predorsal,"7,000",FRO,Dexter,,captive spawn,0,,North Socorro Diversion,3,hard release,YLD 2018,Y,L,D,2018,103.2,34.096843,-106.879232,,
11/14/18,yellow,left,predorsal,"7,000",FRO,Dexter,,captive spawn,0,,North Boundary BDANWR,3,hard release,YLD 2018,Y,L,D,2018,86.5,33.872501,-106.849041,,
11/14/18,yellow,left,predorsal,"11,000",FRO,Dexter,,captive spawn,0,,Peralta area,2,hard release,YLD 2018,Y,L,D,2018,154.5,34.713442,-106.747205,,
11/14/18,yellow,left,predorsal,"11,000",FRO,Dexter,,captive spawn,0,,Jarales Bridge,2,hard release,YLD 2018,Y,L,D,2018,141.3,34.544047,-106.763675,,
11/14/18,yellow,left,predorsal,"11,000",FRO,Dexter,,captive spawn,0,,U.S. 60,2,hard release,YLD 2018,Y,L,D,2018,131.4,34.41817,-106.799453,,
11/15/18,white,left,predorsal,"6,000",FRO,Abq,,captive spawn,0,,3 miles below SADD,3,hard release,WLD 2018,W,L,D,2018,112.7,34.223267,-106.894409,,
11/15/18,white,left,predorsal,"6,000",FRO,Abq,,captive spawn,0,,North Socorro Diversion,3,hard release,WLD 2018,W,L,D,2018,103.2,34.096843,-106.879232,,
11/15/18,white,left,predorsal,"6,000",FRO,Abq,,captive spawn,0,,North Boundary BDANWR,3,hard release,WLD 2018,W,L,D,2018,86.5,33.872501,-106.849041,,
11/16/18,white,left,predorsal,"15,000",FRO,Abq,,captive spawn,0,,Alameda Bridge,1,hard release,WLD 2018,W,L,D,2018,191.1,35.193578,-106.644815,,
11/16/18,white,left,predorsal,"5,000",FRO,Abq,,captive spawn,0,,Jarales Bridge,2,hard release,WLD 2018,W,L,D,2018,141.3,34.544047,-106.763675,,
11/16/18,white,left,predorsal,"5,000",FRO,Abq,,captive spawn,0,,Peralta area,2,hard release,WLD 2018,W,L,D,2018,154.5,34.713442,-106.747205,,
11/16/18,white,left,predorsal,"5,000",FRO,Abq,,captive spawn,0,,U.S. 60,2,hard release,WLD 2018,W,L,D,2018,131.4,34.41817,-106.799453,,
2/13/19,yellow,right,predorsal,"7,300",FRO,Dexter,,captive spawn,0,,North Boundary BDANWR,3,hard release,YRD 2019,Y,R,D,2019,86.5,33.872501,-106.849041,,
2/13/19,yellow,right,predorsal,"7,300",FRO,Dexter,,captive spawn,1,,North Socorro Diversion,3,hard release,YRD 2019,Y,R,D,2019,103.2,34.096843,-106.879232,,
2/13/19,yellow,right,predorsal,"7,300",FRO,Dexter,,captive spawn,1,,4 miles below SADD,3,hard release,YRD 2019,Y,R,D,2019,111.9,34.216021,-106.88637,,
2/14/19,white,right,predorsal,"5,700",FRO,Abq,,captive spawn,1,,North Boundary BDANWR,3,hard release,WRD 2019,W,R,D,2019,86.5,33.872501,-106.849041,,
2/14/19,white,right,predorsal,"5,700",FRO,Abq,,captive spawn,1,,North Socorro Diversion,3,hard release,WRD 2019,W,R,D,2019,103.2,34.096843,-106.879232,,
2/14/19,white,right,predorsal,"5,700",FRO,Abq,,captive spawn,1,,4 miles below SADD,3,hard release,WRD 2019,W,R,D,2019,111.9,34.216021,-106.88637,,
2/15/19,orange,right,predorsal,945,FRO,LLSMR,,captive spawn,1,,North Boundary BDANWR,3,hard release,ORD 2019,O,R,D,2019,86.5,33.872501,-106.849041,,
2/15/19,orange,right,predorsal,949,FRO,LLSMR,,captive spawn,1,,North Socorro Diversion,3,hard release,ORD 2019,O,R,D,2019,103.2,34.096843,-106.879232,,
2/15/19,orange,right,predorsal,945,FRO,LLSMR,,captive spawn,1,,4 miles below SADD,3,hard release,ORD 2019,O,R,D,2019,111.9,34.216021,-106.88637,,
3/20/19,blue,right,predorsal,392,FRO,Dexter,,Dexter,1,58,RM 111.9,3,hard release,BRD 2019,B,R,D,2019,111.9,34.216021,-106.88637,,experimental PIT tagged fish
3/20/19,blue,right,predorsal,260,FRO,Dexter,,Dexter,1,58,RM 113.7,3,hard release,BRD 2019,B,R,D,2019,113.7,34.236263,-106.898519,,experimental PIT tagged fish
3/20/19,blue,right,predorsal,312,FRO,Dexter,,Dexter,1,58,RM 115.5,3,hard release,BRD 2019,B,R,D,2019,115.5,34.25617,-106.890324,,experimental PIT tagged fish
3/20/19,blue,right,predorsal,247,SWCA,BioPark,,BioPark,5,,RM 111.9,3,hard release,BRD 2019,B,R,D,2019,111.9,34.216021,-106.88637,,experimental PIT tagged fish
3/20/19,blue,right,predorsal,252,SWCA,BioPark,,BioPark,5,,RM 113.7,3,hard release,BRD 2019,B,R,D,2019,113.7,34.236263,-106.898519,,experimental PIT tagged fish
3/20/19,blue,right,predorsal,238,SWCA,BioPark,,BioPark,5,,RM 115.5,3,hard release,BRD 2019,B,R,D,2019,115.5,34.25617,-106.890324,,experimental PIT tagged fish
10/7/19,blue,right,predorsal,234,SWCA,BioPark,,BioPark,5,,RM 115.5,3,Bag release,BRD 2019,B,R,D,2019,115.5,34.25617,-106.890324,14.4,experimental PIT tagged fish
11/20/19,blue,right,predorsal,"2,424",FRO,Dexter,,Dexter,1,,RM 111.9,3,hard release,BRD 2019,B,R,D,2019,111.9,34.216021,-106.88637,,experimental PIT tagged fish
11/20/19,blue,right,predorsal,"2,425",FRO,Dexter,,Dexter,1,,RM 113.7,3,hard release,BRD 2019,B,R,D,2019,113.7,34.236263,-106.898519,,experimental PIT tagged fish
11/20/19,blue,right,predorsal,"2,430",FRO,Dexter,,Dexter,1,,RM 115.5,3,hard release,BRD 2019,B,R,D,2019,115.5,34.25617,-106.890324,,experimental PIT tagged fish
11/20/19,blue,right,predorsal,"2,603",FRO,Dexter,,Dexter,1,,RM 119,2,hard release,BRD 2019,B,R,D,2019,118.9,34.275162,-106.855906,,experimental PIT tagged fish
11/19/19,red,right,predorsal,"6,073",FRO,Dexter,,Dexter,0,45,RM 86.3,3,hard release,RRD 2019,R,R,D,2019,86.3,33.869733,-106.847961,,
11/19/19,red,right,predorsal,"6,154",FRO,Dexter,,Dexter,0,45,North Socorro Diversion,3,hard release,RRD 2019,R,R,D,2019,103.2,34.096843,-106.879232,,
11/19/19,red,right,predorsal,"6,127",FRO,Dexter,,Dexter,0,45,RM 113.7,3,hard release,RRD 2019,R,R,D,2019,113.7,34.236263,-106.898519,,
11/21/19,red,right,predorsal,"5,000",FRO,Abq,,BioPark,0,35,RM 86.3,3,hard release,RRD 2019,R,R,D,2019,86.3,33.869733,-106.847961,,
11/21/19,red,right,predorsal,"5,000",FRO,Abq,,BioPark,0,35,North Socorro Diversion,3,hard release,RRD 2019,R,R,D,2019,103.2,34.096843,-106.879232,,
11/21/19,red,right,predorsal,"5,000",FRO,Abq,,BioPark,0,35,RM 113.7,3,hard release,RRD 2019,R,R,D,2019,113.7,34.236263,-106.898519,,
11/22/19,pink,right,predorsal,"2,841",FRO,LLSMR,,LLSMR,0,38,RM 86.3,3,hard release,PRD 2019,P,R,D,2019,86.3,33.869733,-106.847961,,
11/22/19,pink,right,predorsal,"2,841",FRO,LLSMR,,LLSMR,0,38,North Socorro Diversion,3,hard release,PRD 2019,P,R,D,2019,103.2,34.096843,-106.879232,,
11/22/19,pink,right,predorsal,"2,750",FRO,LLSMR,,LLSMR,0,38,RM 113.7,3,hard release,PRD 2019,P,R,D,2019,113.7,34.236263,-106.898519,,
2/12/20,pink,left,predorsal,"2,000",FRO,LLSMR,,LLSMR,0,38,RM 86.3,3,hard release,PLD 2020,P,L,D,2020,86.3,33.869733,-106.847961,2.9,
2/12/20,pink,left,predorsal,"2,000",FRO,LLSMR,,LLSMR,0,38,North Socorro Diversion,3,hard release,PLD 2020,P,L,D,2020,103.2,34.096843,-106.879232,,
2/12/20,pink,left,predorsal,"1,700",FRO,LLSMR,,LLSMR,0,38,RM 113.7,3,hard release,PLD 2020,P,L,D,2020,113.7,34.236263,-106.898519,,
2/12/20,red,left,predorsal,"5,000",FRO,Abq,,BioPark,0,38,RM 86.3,3,hard release,RLD 2020,R,L,D,2020,86.3,33.869733,-106.847961,,
2/12/20,red,left,predorsal,"5,000",FRO,Abq,,BioPark,0,38,North Socorro Diversion,3,hard release,RLD 2020,R,L,D,2020,103.2,34.096843,-106.879232,,
2/12/20,red,left,predorsal,"5,000",FRO,Abq,,BioPark,0,38,RM 113.7,3,hard release,RLD 2020,R,L,D,2020,113.7,34.236263,-106.898519,,
2/12/20,red,left,predorsal,"6,178",FRO,Dexter,,Dexter,0,38,RM 86.3,3,hard release,RLD 2020,R,L,D,2020,86.3,33.869733,-106.847961,,
2/12/20,red,left,predorsal,"6,021",FRO,Dexter,,Dexter,0,38,North Socorro Diversion,3,hard release,RLD 2020,R,L,D,2020,103.2,34.096843,-106.879232,,
2/12/20,red,left,predorsal,"6,054",FRO,Dexter,,Dexter,0,38,RM 113.7,3,hard release,RLD 2020,R,L,D,2020,113.7,34.236263,-106.898519,,
3/23/20,blue,left,predorsal,"1,782",FRO,Dexter,,Dexter,2,60,RM 111.9,3,hard release,BLD 2020,B,L,D,2020,111.9,34.216021,-106.88637,,experimental PIT tagged fish
3/23/20,blue,left,predorsal,"2,213",FRO,Dexter,,Dexter,2,60,RM 113.7,3,hard release,BLD 2020,B,L,D,2020,113.7,34.236263,-106.898519,,experimental PIT tagged fish
3/23/20,blue,left,predorsal,"2,193",FRO,Dexter,,Dexter,2,60,RM 115.6,3,hard release,BLD 2020,B,L,D,2020,115.6,34.255859,-106.888848,,experimental PIT tagged fish
3/23/20,blue,left,predorsal,"1,747",FRO,Dexter,,Dexter,2,60,RM 118.9,3,hard release,BLD 2020,B,L,D,2020,118.9,34.275162,-106.855906,,experimental PIT tagged fish
11/16/20,yellow,left,predorsal,783,FRO,Abq,ABP19-1CS,BioPark,1,,Central bridge,1,hard release,YLD 2020,Y,L,D,2020,182.8,35.088992,-106.680414,,
11/16/20,yellow,left,predorsal,"16,217",FRO,Abq,ABP20-3CS,BioPark,0,,Central bridge,1,hard release,YLD 2020,Y,L,D,2020,182.8,35.088992,-106.680414,,
11/16/20,yellow,left,predorsal,"17,000",FRO,Abq,ABP20-3CS,BioPark,0,,Peralta area,2,hard release,YLD 2020,Y,L,D,2020,154.5,34.713442,-106.747205,,
11/30/20,yellow,left,predorsal,"17,000",FRO,Abq,ABP20-3CS,BioPark,0,,North Boundary BDANWR,3,hard release,YLD 2020,Y,L,D,2020,86.3,33.869733,-106.847961,,
11/17/20,green,left,predorsal,"6,444",FRO,LLSMR,LLSRM20F1,LLSMR,0,,Alameda Bridge,1,hard release,GLD 2020,G,L,D,2020,191.1,35.193578,-106.644815,,
11/17/20,green,left,predorsal,"6,444",FRO,LLSMR,LLSRM20F1,LLSMR,0,,Jarales Bridge,2,hard release,GLD 2020,G,L,D,2020,141.3,34.544047,-106.763675,,
11/17/20,green,left,predorsal,"6,444",FRO,LLSMR,LLSRM20F1,LLSMR,0,,RM 113.7,3,hard release,GLD 2020,G,L,D,2020,113.7,34.236263,-106.898519,,
11/19/20,red,left,predorsal,"13,500",FRO,Dexter,20CSDX,Dexter,0,,Santa Ana Pueblo,1,hard release,RLD 2020,R,L,D,2020,207.3,35.361835,-106.515229,,
11/19/20,red,left,predorsal,"13,500",FRO,Dexter,20CSDX,Dexter,0,,North Socorro Diversion,3,hard release,RLD 2020,R,L,D,2020,103.2,34.096843,-106.879232,,
11/19/20,red,left,predorsal,"13,500",FRO,Dexter,20CSDX,Dexter,0,,Sevilleta,2,hard release,RLD 2020,R,L,D,2020,119,34.275641,-106.854455,,
11/19/20,,,,"45,721",FRO,Dexter,20CSDX,Dexter,0,,North Socorro Diversion,3,hard release,none 2020,,,,2020,103.2,34.096843,-106.879232,,
11/19/20,,,,"47,002",FRO,Dexter,20CSDX,Dexter,0,,Sevilleta,2,hard release,none 2020,,,,2020,119,34.275641,-106.854455,,
11/19/20,,,,"46,583",FRO,Dexter,20CSDX,Dexter,0,,Santa Ana,1,hard release,none 2020,,,,2020,207.3,35.361835,-106.515229,,
12/2/20,red,left,predorsal,"19,308",FRO,Dexter,20CSDX,Dexter,0,,Alameda Bridge,1,hard release,RLD 2020,R,L,D,2020,191.1,35.193578,-106.644815,,
3/23/21,blue,right,predorsal,977,FRO,Dexter,19CSDX,Dexter,2,,North Boundary BDANWR,3,,BRD 2021,B,R,D,2021,86.6,33.873983,-106.84942,,experimental PIT tagged fish
3/23/21,blue,right,predorsal,970,FRO,Dexter,19CSDX,Dexter,2,,North Socorro Diversion,3,,BRD 2021,B,R,D,2021,103.3,34.098252,-106.879828,,experimental PIT tagged fish
3/23/21,blue,right,predorsal,988,FRO,Dexter,19CSDX,Dexter,2,,RM 113.7,3,,BRD 2021,B,R,D,2021,113.7,34.236263,-106.898519,,experimental PIT tagged fish
3/23/21,blue,right,predorsal,967,FRO,Dexter,19CSDX,Dexter,2,,Sevilleta,2,,BRD 2021,B,R,D,2021,118.9,34.275162,-106.855906,,experimental PIT tagged fish
3/23/21,blue,right,predorsal,971,FRO,Dexter,19CSDX,Dexter,2,,U.S. 60,2,,BRD 2021,B,R,D,2021,131.3,34.416728,-106.800006,,experimental PIT tagged fish
11/10/21,red,right,predorsal,"6,134",FRO,Dexter,21CSDX,Dexter,0,,Santa Ana,1,hard release,RRD 2021,R,R,D,2021,206.8,35.357242,-106.519941,,
11/10/21,,,,"27,524",FRO,Dexter,21CSDX,Dexter,0,,Santa Ana,1,hard release,none 2021,,,,2021,206.8,35.357242,-106.519941,,
11/10/21,red,right,predorsal,"10,537",FRO,Dexter,21CSDX,Dexter,0,,Sevilleta,2,hard release,RRD 2021,R,R,D,2021,119,34.275641,-106.854455,,
11/10/21,,,,"51,523",FRO,Dexter,21CSDX,Dexter,0,,Sevilleta,2,hard release,none 2021,,,,2021,119,34.275641,-106.854455,,
11/10/21,red,right,predorsal,"4,167",FRO,Dexter,21CSDX,Dexter,0,,RM 113.7,3,hard release,RRD 2021,R,R,D,2021,113.7,34.236263,-106.898519,,
11/10/21,,,,"20,578",FRO,Dexter,21CSDX,Dexter,0,,RM 113.7,3,hard release,none 2021,,,,2021,113.7,34.236263,-106.898519,,
11/23/21,green,right,predorsal,"10,292",FRO,LLSMR,,LLSMR,0,,Alameda Bridge,1,hard release,GRD 2021,G,R,D,2021,191.1,35.193578,-106.644815,,
11/23/21,green,right,predorsal,"10,290",FRO,LLSMR,,LLSMR,0,,Brown's Arroyo,3,hard release,GRD 2021,G,R,D,2021,95.7,34.001404,-106.870411,,
11/23/21,green,right,predorsal,"10,290",FRO,LLSMR,,LLSMR,0,,Peralta area,2,hard release,GRD 2021,G,R,D,2021,154.5,34.713442,-106.747205,,
11/30/21,yellow,right,predorsal,"14,000",FRO,Abq,ABP20-3CS/ABP20-WI/APB21-2WS/APB214.5CS,BioPark,0-1,,Central bridge,1,hard release,YRD 2021,Y,R,D,2021,182.8,35.088992,-106.680414,,
11/30/21,yellow,right,predorsal,"14,000",FRO,Abq,ABP20-3CS/ABP20-WI/APB21-2WS/APB214.5CS,BioPark,0-1,,Jarales Bridge,2,hard release,YRD 2021,Y,R,D,2021,141.3,34.544047,-106.763675,,
11/29/21,yellow,right,predorsal,"14,000",FRO,Abq,ABP20-3CS/ABP20-WI/APB21-2WS/APB214.5CS,BioPark,0-1,,North Boundary BDANWR,3,hard release,YRD 2021,Y,R,D,2021,86.3,33.869733,-106.847961,,
12/6/21,blue,right,predorsal,"3,402",FRO,Dexter,20CSDX,Dexter,1,,RM 113.7,3,hard release,BRD 2021,B,R,D,2021,113.7,34.236263,-106.898519,,experimental PIT tagged fish
12/6/21,blue,right,predorsal,"2,105",FRO,Dexter,20CSDX,Dexter,1,,RM 119,2,hard release,BRD 2021,B,R,D,2021,118.9,34.275162,-106.855906,,experimental PIT tagged fish
12/6/21,blue,right,predorsal,"1,974",FRO,Dexter,20CSDX,Dexter,1,,RM 141.3,2,hard release,BRD 2021,B,R,D,2021,141.3,34.544047,-106.763675,,experimental PIT tagged fish
12/6/21,blue,right,predorsal,"1,857",FRO,Dexter,20CSDX,Dexter,1,,Peralta area,2,hard release,BRD 2021,B,R,D,2021,154.5,34.713442,-106.747205,,experimental PIT tagged fish
12/8/21,double green,right,predorsal,512,FRO,LLSMR,"Retired broodstock; mixed wildcaught lot, 2018, 2019, 2020",LLSMR,1-3,,Brown's Arroyo,3,hard release,DRD 2021,D,R,D,2021,95.7,34.001404,-106.870411,,
12/8/21,none,,,664,FRO,LLSMR,unspawned wildcaught as eggs 2020,LLSMR,1,,Brown's Arroyo,3,hard release,N 2021,N,,,2021,95.7,34.001404,-106.870411,,
3/7/22,none,,,"1,042",FRO,Dexter,"PIT tagged, no VIE",Dexter,1-2,62,RM 118.9,2,hard release,N 2022,N,,,2022,118.9,34.275162,-106.855906,,experimental PIT tagged fish
3/7/22,none,,,"1,011",FRO,Dexter,"PIT tagged, no VIE",Dexter,1-2,62,Jarales Bridge,2,hard release,N 2022,N,,,2022,141.3,34.544047,-106.763675,,experimental PIT tagged fish
3/7/22,none,,,940,FRO,Dexter,"PIT tagged, no VIE",Dexter,1-2,62,Peralta area,2,hard release,N 2022,N,,,2022,154.5,34.713442,-106.747205,,experimental PIT tagged fish
11/22/22,red,left,predorsal,"35,990",FRO,Dexter,CS2022,Dexter,0,47,Alameda Bridge,1,hard release,RLD 2022,R,L,D,2022,191.1,35.193578,-106.644815,,
11/22/22,red,left,predorsal,"28,690",FRO,LLSMR,CS2022,LLSMR,0,44,Upstream of Belen,2,hard release,RLD 2022,R,L,D,2022,151.2,34.668549,-106.745165,,Unable to access Jarales or Peralta
11/22/22,red,left,predorsal,"39,324",FRO,Dexter,CS2022,Dexter,0,47,Neal Cupp,3,hard release,RLD 2022,R,L,D,2022,92.3,33.956238,-106.850281,,
12/5/22,red,left,predorsal,"22,500",FRO,BioPark,,BioPark,0,35,Central bridge,1,hard release,RLD 2022,R,L,D,2022,182.8,35.088992,-106.680414,,
1/26/23,red,left,predorsal,"13,750",FRO,BioPark,,BioPark,0,35,Sevilleta,2,hard release,RLD 2023,R,L,D,2023,118.7,34.273511,-106.858077,,"Late, smaller fish"
2/13/23,red,left,predorsal,"4,736",FRO,LLSMR,"Produced at BioPark, tranferred in July",BioPark,0,,4 miles below SADD,3,h,RLD 2023,R,L,D,2023,111.9,34.216021,-106.88637,,"Tiny fish, many marked incorrectly"
3/16/23,red,left,predorsal,"13,750",FRO,BioPark,,BioPark,0,35,4 miles below SADD,3,hard,RLD 2023,R,L,D,2023,111.9,34.216021,-106.88637,,"Later, smaller fish"
11/28/23,red,right,predorsal,"10,484",FRO,Dexter,,Dexter,0,45,North Boundary BDANWR,3,hard,RRD 2023,R,R,D,2023,86.3,33.869733,-106.847961,,
12/14/23,red,right,predorsal,562,FRO,BioPark,,BioPark,0,40,North Boundary BDANWR,3,hard,RRD 2023,R,R,D,2023,86.3,33.869733,-106.847961,,
11/16/23,red,right,predorsal,"35,438",FRO,BioPark,,BioPark,0,40,North Boundary BDANWR,3,hard,RRD 2023,R,R,D,2023,86.3,33.869733,-106.847961,,
10/24/24,red,left,predorsal,"25,000",FRO,BioPark,ABP24-2CS,BioPark,0,45,Central bridge,1,hard,RLD 2024,R,L,D,2024,182.8,35.088992,-106.680414,,
11/25/24,red,left,predorsal,"25,145",FRO,Dexter,24CSDX,Dexter,0,49,Alameda Bridge,1,hard,RLD 2024,R,L,D,2024,191.1,35.193578,-106.644815,,
11/25/24,red,left,predorsal,"65,344",FRO,Dexter,24CSDX,Dexter,0,49,Sevilleta,2,hard,RLD 2024,R,L,D,2024,118.7,34.273511,-106.858077,,
11/26/24,red,left,predorsal,"25,000",FRO,BioPark,APB24-2CS,BioPark,0,45,Los Chaves,2,hard,RLD 2024,R,L,D,2024,155.6,34.727403,-106.738396,,
12/2/24,red,left,predorsal,"9,694",FRO,LLSMR,LLSMR24,LLSMR,0,45,Jarales Bridge,2,hard,RLD 2024,R,L,D,2024,141.3,34.544047,-106.763675,,
12/2/24,red,left,predorsal,"13,023",FRO,LLSMR,LLSMR23,LLSMR,1,55,Jarales Bridge,2,hard,RLD 2024,R,L,D,2024,141.3,34.544047,-106.763675,,