reach,cfs,hab,site,terrain,rest_desc,rest_type,n_rest_features,size,lin_ft,terr_sq_ft,terr_ac,terr_less_rest,terr_inund_notes
San Acacia,0,0,93,AB,11 emabyments attached to a high-flow channel,Embayment,11,17.2,4043,0,0,0,The downstream terrace began showing inundation at 1000 cfs.
San Acacia,300,0,93,AB,11 emabyments attached to a high-flow channel,Embayment,11,17.2,4043,0,0,0,
San Acacia,500,0.4,93,AB,11 emabyments attached to a high-flow channel,Embayment,11,17.2,4043,18093,0.415358127,0,
San Acacia,1000,2.1,93,AB,11 emabyments attached to a high-flow channel,Embayment,11,17.2,4043,96025,2.20443067,0.1,
San Acacia,2000,4.7,93,AB,11 emabyments attached to a high-flow channel,Embayment,11,17.2,4043,685039,15.7263315,11,
San Acacia,3000,5.2,93,AB,11 emabyments attached to a high-flow channel,Embayment,11,17.2,4043,852697,19.57522957,14.4,
San Acacia,4000,6.7,93,AB,11 emabyments attached to a high-flow channel,Embayment,11,17.2,4043,901575,20.69731405,14,
San Acacia,5000,7.9,93,AB,11 emabyments attached to a high-flow channel,Embayment,11,17.2,4043,1625161,37.3085629,29.4,
San Acacia,6000,9.3,93,AB,11 emabyments attached to a high-flow channel,Embayment,11,17.2,4043,1529845,35.12040863,25.8,
San Acacia,7000,11.5,93,AB,11 emabyments attached to a high-flow channel,Embayment,11,17.2,4043,3028201,69.51792929,58,
San Acacia,0,0,93,PR,11 emabyments attached to a high-flow channel,Embayment,11,17.2,4043,0,0,0,
San Acacia,300,0,93,PR,11 emabyments attached to a high-flow channel,Embayment,11,17.2,4043,0,0,0,
San Acacia,500,0.4,93,PR,11 emabyments attached to a high-flow channel,Embayment,11,17.2,4043,16728,0.384022039,0,
San Acacia,1000,1.4,93,PR,11 emabyments attached to a high-flow channel,Embayment,11,17.2,4043,61900,1.421028466,0,
San Acacia,2000,3.6,93,PR,11 emabyments attached to a high-flow channel,Embayment,11,17.2,4043,571864,13.128191,9.5,
San Acacia,3000,9.3,93,PR,11 emabyments attached to a high-flow channel,Embayment,11,17.2,4043,1768875,40.60778237,31.3,
San Acacia,4000,10.6,93,PR,11 emabyments attached to a high-flow channel,Embayment,11,17.2,4043,2219587,50.95470615,40.4,
San Acacia,5000,11.3,93,PR,11 emabyments attached to a high-flow channel,Embayment,11,17.2,4043,2713652,62.29687787,51,
San Acacia,6000,11.8,93,PR,11 emabyments attached to a high-flow channel,Embayment,11,17.2,4043,2983659,68.49538567,56.7,
San Acacia,7000,12.2,93,PR,11 emabyments attached to a high-flow channel,Embayment,11,17.2,4043,3181748,73.04288338,60.8,
San Acacia,0,0,99.5,AB,4 inlets that become attached as a single backwater at higher discharges,Inlet,4,3.5,1583,0,0,0,
San Acacia,800,0,99.5,AB,4 inlets that become attached as a single backwater at higher discharges,Inlet,4,3.5,1583,0,0,0,
San Acacia,1000,0.2,99.5,AB,4 inlets that become attached as a single backwater at higher discharges,Inlet,4,3.5,1583,2562,0.2,0,
San Acacia,2000,1.4,99.5,AB,4 inlets that become attached as a single backwater at higher discharges,Inlet,4,3.5,1583,19945,1.8,0.4,
San Acacia,2780,2.6,99.5,AB,4 inlets that become attached as a single backwater at higher discharges,Inlet,4,3.5,1583,53872,4.9,2.3,
San Acacia,4000,3.3,99.5,AB,4 inlets that become attached as a single backwater at higher discharges,Inlet,4,3.5,1583,113530,10.4,7.1,
San Acacia,5000,3.4,99.5,AB,4 inlets that become attached as a single backwater at higher discharges,Inlet,4,3.5,1583,150007,13.8,10.4,
San Acacia,6000,3.4,99.5,AB,4 inlets that become attached as a single backwater at higher discharges,Inlet,4,3.5,1583,202925,18.6,15.2,
San Acacia,7000,3.4,99.5,AB,4 inlets that become attached as a single backwater at higher discharges,Inlet,4,3.5,1583,215075,19.7,16.3,
San Acacia,0,0,99.5,PR,4 inlets that become attached as a single backwater at higher discharges,Inlet,4,3.5,1583,0,0,0,
San Acacia,800,0,99.5,PR,4 inlets that become attached as a single backwater at higher discharges,Inlet,4,3.5,1583,0,0,0,
San Acacia,1000,0.02,99.5,PR,4 inlets that become attached as a single backwater at higher discharges,Inlet,4,3.5,1583,647,0,0,
San Acacia,2000,1.1,99.5,PR,4 inlets that become attached as a single backwater at higher discharges,Inlet,4,3.5,1583,52976,1.2,0.1,
San Acacia,2780,2.4,99.5,PR,4 inlets that become attached as a single backwater at higher discharges,Inlet,4,3.5,1583,197014,4.5,2.1,
San Acacia,4000,3.3,99.5,PR,4 inlets that become attached as a single backwater at higher discharges,Inlet,4,3.5,1583,455374,10.5,7.2,
San Acacia,5000,3.4,99.5,PR,4 inlets that become attached as a single backwater at higher discharges,Inlet,4,3.5,1583,619178,14.2,10.8,
San Acacia,6000,3.4,99.5,PR,4 inlets that become attached as a single backwater at higher discharges,Inlet,4,3.5,1583,820612,18.8,15.4,
San Acacia,7000,3.5,99.5,PR,4 inlets that become attached as a single backwater at higher discharges,Inlet,4,3.5,1583,865836,19.9,16.4,
San Acacia,0,0,100,AB,1 backwater,Backwater,1,1.4,441,0,0,0,
San Acacia,800,0,100,AB,1 backwater,Backwater,1,1.4,441,0,0,0,
San Acacia,1000,0.05,100,AB,1 backwater,Backwater,1,1.4,441,576,0.1,0,
San Acacia,2000,0.5,100,AB,1 backwater,Backwater,1,1.4,441,5517,0.5,0,
San Acacia,2780,0.7,100,AB,1 backwater,Backwater,1,1.4,441,7989,0.7,0,
San Acacia,4000,0.9,100,AB,1 backwater,Backwater,1,1.4,441,9369,0.9,0,
San Acacia,5000,1.1,100,AB,1 backwater,Backwater,1,1.4,441,46810,4.3,3.2,
San Acacia,6000,1.4,100,AB,1 backwater,Backwater,1,1.4,441,98775,9.1,7.7,
San Acacia,7000,1.4,100,AB,1 backwater,Backwater,1,1.4,441,136078,12.5,11.1,
San Acacia,0,0,100,PR,1 backwater,Backwater,1,1.4,441,0,0,0,
San Acacia,800,0,100,PR,1 backwater,Backwater,1,1.4,441,0,0,0,
San Acacia,1000,0.3,100,PR,1 backwater,Backwater,1,1.4,441,12336,0.3,0,
San Acacia,2000,0.6,100,PR,1 backwater,Backwater,1,1.4,441,25280,0.6,0,
San Acacia,2780,0.8,100,PR,1 backwater,Backwater,1,1.4,441,35916,0.8,0,
San Acacia,4000,0.9,100,PR,1 backwater,Backwater,1,1.4,441,41281,0.9,0,
San Acacia,5000,1.1,100,PR,1 backwater,Backwater,1,1.4,441,185551,4.3,3.2,
San Acacia,6000,1.4,100,PR,1 backwater,Backwater,1,1.4,441,402499,9.2,7.8,
San Acacia,7000,1.4,100,PR,1 backwater,Backwater,1,1.4,441,558904,12.8,11.4,
San Acacia,0,0,100.5,AB,3 backwaters that become attached at higher discharges,Backwater,3,8.2,1616,0,0,0,
San Acacia,800,0,100.5,AB,3 backwaters that become attached at higher discharges,Backwater,3,8.2,1616,0,0,0,
San Acacia,1000,0.1,100.5,AB,3 backwaters that become attached at higher discharges,Backwater,3,8.2,1616,1518,0.1,0,
San Acacia,2000,1.4,100.5,AB,3 backwaters that become attached at higher discharges,Backwater,3,8.2,1616,17361,1.6,0.2,
San Acacia,2780,7,100.5,AB,3 backwaters that become attached at higher discharges,Backwater,3,8.2,1616,142890,13.1,6.1,
San Acacia,4000,7.7,100.5,AB,3 backwaters that become attached at higher discharges,Backwater,3,8.2,1616,298558,27.4,19.7,
San Acacia,5000,8.1,100.5,AB,3 backwaters that become attached at higher discharges,Backwater,3,8.2,1616,324678,29.8,21.7,
San Acacia,6000,8.2,100.5,AB,3 backwaters that become attached at higher discharges,Backwater,3,8.2,1616,332317,30.5,22.3,
San Acacia,7000,8.2,100.5,AB,3 backwaters that become attached at higher discharges,Backwater,3,8.2,1616,337709,31,22.8,
San Acacia,0,0,100.5,PR,3 backwaters that become attached at higher discharges,Backwater,3,8.2,1616,0,0,0,
San Acacia,800,0,100.5,PR,3 backwaters that become attached at higher discharges,Backwater,3,8.2,1616,0,0,0,
San Acacia,1000,0.1,100.5,PR,3 backwaters that become attached at higher discharges,Backwater,3,8.2,1616,4743,0.1,0,
San Acacia,2000,1.1,100.5,PR,3 backwaters that become attached at higher discharges,Backwater,3,8.2,1616,54688,1.3,0.2,
San Acacia,2780,6.7,100.5,PR,3 backwaters that become attached at higher discharges,Backwater,3,8.2,1616,643120,14.8,8.1,
San Acacia,4000,7.8,100.5,PR,3 backwaters that become attached at higher discharges,Backwater,3,8.2,1616,1200754,27.6,19.8,
San Acacia,5000,8.1,100.5,PR,3 backwaters that become attached at higher discharges,Backwater,3,8.2,1616,1297829,29.8,21.7,
San Acacia,6000,8.1,100.5,PR,3 backwaters that become attached at higher discharges,Backwater,3,8.2,1616,1326146,30.4,22.3,
San Acacia,7000,8.2,100.5,PR,3 backwaters that become attached at higher discharges,Backwater,3,8.2,1616,1347648,30.9,22.7,
San Acacia,0,0,103,AB,5 embayments that connect as side channels,Embayment,5,10.5,3217,0,0,0,This site says floodplain NA(?)
San Acacia,300,0,103,AB,5 embayments that connect as side channels,Embayment,5,10.5,3217,0,0,0,
San Acacia,500,0.1,103,AB,5 embayments that connect as side channels,Embayment,5,10.5,3217,0,0,-0.1,
San Acacia,1000,2,103,AB,5 embayments that connect as side channels,Embayment,5,10.5,3217,0,0,-2,
San Acacia,2000,3.1,103,AB,5 embayments that connect as side channels,Embayment,5,10.5,3217,0,0,-3.1,
San Acacia,2780,3.6,103,AB,5 embayments that connect as side channels,Embayment,5,10.5,3217,0,0,-3.6,
San Acacia,4000,4,103,AB,5 embayments that connect as side channels,Embayment,5,10.5,3217,0,0,-4,
San Acacia,5000,4.4,103,AB,5 embayments that connect as side channels,Embayment,5,10.5,3217,0,0,-4.4,
San Acacia,6000,4.8,103,AB,5 embayments that connect as side channels,Embayment,5,10.5,3217,0,0,-4.8,
San Acacia,7000,5.1,103,AB,5 embayments that connect as side channels,Embayment,5,10.5,3217,0,0,-5.1,
San Acacia,0,0,103,PR,5 embayments that connect as side channels,Embayment,5,10.5,3217,0,0,0,
San Acacia,300,0,103,PR,5 embayments that connect as side channels,Embayment,5,10.5,3217,0,0,0,
San Acacia,500,0.3,103,PR,5 embayments that connect as side channels,Embayment,5,10.5,3217,0,0,-0.3,
San Acacia,1000,2.7,103,PR,5 embayments that connect as side channels,Embayment,5,10.5,3217,0,0,-2.7,
San Acacia,2000,3.5,103,PR,5 embayments that connect as side channels,Embayment,5,10.5,3217,0,0,-3.5,
San Acacia,2780,3.8,103,PR,5 embayments that connect as side channels,Embayment,5,10.5,3217,0,0,-3.8,
San Acacia,4000,4.1,103,PR,5 embayments that connect as side channels,Embayment,5,10.5,3217,0,0,-4.1,
San Acacia,5000,4.5,103,PR,5 embayments that connect as side channels,Embayment,5,10.5,3217,0,0,-4.5,
San Acacia,6000,4.9,103,PR,5 embayments that connect as side channels,Embayment,5,10.5,3217,0,0,-4.9,
San Acacia,7000,5.1,103,PR,5 embayments that connect as side channels,Embayment,5,10.5,3217,0,0,-5.1,
San Acacia,0,0,104.5,AB,regraded arroyo confluence,Arroyo confluence,1,3.2,365,0,0,0,
San Acacia,300,0,104.5,AB,regraded arroyo confluence,Arroyo confluence,1,3.2,365,0,0,0,
San Acacia,500,0.1,104.5,AB,regraded arroyo confluence,Arroyo confluence,1,3.2,365,0,0,-0.1,
San Acacia,1000,1.1,104.5,AB,regraded arroyo confluence,Arroyo confluence,1,3.2,365,51498,1.2,0.1,
San Acacia,2000,2.1,104.5,AB,regraded arroyo confluence,Arroyo confluence,1,3.2,365,98895,2.3,0.2,
San Acacia,2780,2.3,104.5,AB,regraded arroyo confluence,Arroyo confluence,1,3.2,365,116087,2.7,0.4,
San Acacia,4000,2.5,104.5,AB,regraded arroyo confluence,Arroyo confluence,1,3.2,365,130557,3,0.5,
San Acacia,5000,2.7,104.5,AB,regraded arroyo confluence,Arroyo confluence,1,3.2,365,146825,3.4,0.7,
San Acacia,6000,2.7,104.5,AB,regraded arroyo confluence,Arroyo confluence,1,3.2,365,162782,3.7,1,
San Acacia,7000,2.8,104.5,AB,regraded arroyo confluence,Arroyo confluence,1,3.2,365,177487,4.1,1.3,
San Acacia,0,0,104.5,PR,regraded arroyo confluence,Arroyo confluence,1,3.2,365,0,0,0,
San Acacia,300,0,104.5,PR,regraded arroyo confluence,Arroyo confluence,1,3.2,365,0,0,0,
San Acacia,500,0.2,104.5,PR,regraded arroyo confluence,Arroyo confluence,1,3.2,365,0,0,-0.2,
San Acacia,1000,0.8,104.5,PR,regraded arroyo confluence,Arroyo confluence,1,3.2,365,36987,0.8,0,
San Acacia,2000,2,104.5,PR,regraded arroyo confluence,Arroyo confluence,1,3.2,365,94928,2.2,0.2,
San Acacia,2780,2.3,104.5,PR,regraded arroyo confluence,Arroyo confluence,1,3.2,365,113673,2.6,0.3,
San Acacia,4000,2.4,104.5,PR,regraded arroyo confluence,Arroyo confluence,1,3.2,365,126495,2.9,0.5,
San Acacia,5000,2.6,104.5,PR,regraded arroyo confluence,Arroyo confluence,1,3.2,365,146166,3.4,0.8,
San Acacia,6000,2.8,104.5,PR,regraded arroyo confluence,Arroyo confluence,1,3.2,365,162706,3.7,0.9,
San Acacia,7000,2.9,104.5,PR,regraded arroyo confluence,Arroyo confluence,1,3.2,365,181813,4.2,1.3,
San Acacia,0,0,112,AB,backwater that attaches to a natural side channel at higher discharges,Backwater,1,1.5,204,0,0,0,
San Acacia,800,0,112,AB,backwater that attaches to a natural side channel at higher discharges,Backwater,1,1.5,204,0,0,0,
San Acacia,1000,0,112,AB,backwater that attaches to a natural side channel at higher discharges,Backwater,1,1.5,204,532,0,0,
San Acacia,2000,0.9,112,AB,backwater that attaches to a natural side channel at higher discharges,Backwater,1,1.5,204,16501,1.5,0.6,
San Acacia,3000,1.2,112,AB,backwater that attaches to a natural side channel at higher discharges,Backwater,1,1.5,204,21420,2,0.8,
San Acacia,4000,1.3,112,AB,backwater that attaches to a natural side channel at higher discharges,Backwater,1,1.5,204,27109,2.5,1.2,
San Acacia,5000,1.4,112,AB,backwater that attaches to a natural side channel at higher discharges,Backwater,1,1.5,204,32362,3,1.6,
San Acacia,6000,1.5,112,AB,backwater that attaches to a natural side channel at higher discharges,Backwater,1,1.5,204,37487,3.4,1.9,
San Acacia,7000,1.5,112,AB,backwater that attaches to a natural side channel at higher discharges,Backwater,1,1.5,204,45410,4.2,2.7,
San Acacia,0,0,112,PR,backwater that attaches to a natural side channel at higher discharges,Backwater,1,1.5,204,0,0,0,
San Acacia,800,0,112,PR,backwater that attaches to a natural side channel at higher discharges,Backwater,1,1.5,204,0,0,0,
San Acacia,1000,0,112,PR,backwater that attaches to a natural side channel at higher discharges,Backwater,1,1.5,204,50,0,0,
San Acacia,2000,1,112,PR,backwater that attaches to a natural side channel at higher discharges,Backwater,1,1.5,204,74727,1.7,0.7,
San Acacia,3000,1.3,112,PR,backwater that attaches to a natural side channel at higher discharges,Backwater,1,1.5,204,98975,2.3,1,
San Acacia,4000,1.4,112,PR,backwater that attaches to a natural side channel at higher discharges,Backwater,1,1.5,204,120224,2.8,1.4,
San Acacia,5000,1.4,112,PR,backwater that attaches to a natural side channel at higher discharges,Backwater,1,1.5,204,139966,3.2,1.8,
San Acacia,6000,1.5,112,PR,backwater that attaches to a natural side channel at higher discharges,Backwater,1,1.5,204,174019,4,2.5,
San Acacia,7000,1.5,112,PR,backwater that attaches to a natural side channel at higher discharges,Backwater,1,1.5,204,291300,6.7,5.2,
San Acacia,0,0,114,PR,2 inlets attaching to a single backwater,Inlet,2,1.7,1043,0,0,0,
San Acacia,800,0,114,PR,2 inlets attaching to a single backwater,Inlet,2,1.7,1043,0,0,0,
San Acacia,1000,0.05,114,PR,2 inlets attaching to a single backwater,Inlet,2,1.7,1043,603,0.1,0,
San Acacia,2000,0.5,114,PR,2 inlets attaching to a single backwater,Inlet,2,1.7,1043,18041,1.7,1.2,
San Acacia,2780,0.8,114,PR,2 inlets attaching to a single backwater,Inlet,2,1.7,1043,27542,2.5,1.7,
San Acacia,4000,1.5,114,PR,2 inlets attaching to a single backwater,Inlet,2,1.7,1043,77739,7.1,5.6,
San Acacia,5000,1.6,114,PR,2 inlets attaching to a single backwater,Inlet,2,1.7,1043,160545,14.7,13.1,
San Acacia,6000,1.6,114,PR,2 inlets attaching to a single backwater,Inlet,2,1.7,1043,181993,16.7,15.1,
San Acacia,7000,1.6,114,PR,2 inlets attaching to a single backwater,Inlet,2,1.7,1043,193856,17.8,16.2,
San Acacia,0,0,114,AB,2 inlets attaching to a single backwater,Inlet,2,1.7,1043,0,0,0,
San Acacia,800,0,114,AB,2 inlets attaching to a single backwater,Inlet,2,1.7,1043,0,0,0,
San Acacia,1000,0,114,AB,2 inlets attaching to a single backwater,Inlet,2,1.7,1043,409,0,0,
San Acacia,2000,0.5,114,AB,2 inlets attaching to a single backwater,Inlet,2,1.7,1043,71208,1.6,1.1,
San Acacia,2780,1.1,114,AB,2 inlets attaching to a single backwater,Inlet,2,1.7,1043,140144,3.2,2.1,
San Acacia,4000,1.6,114,AB,2 inlets attaching to a single backwater,Inlet,2,1.7,1043,336245,7.7,6.1,
San Acacia,5000,1.7,114,AB,2 inlets attaching to a single backwater,Inlet,2,1.7,1043,633415,14.5,12.8,
San Acacia,6000,1.7,114,AB,2 inlets attaching to a single backwater,Inlet,2,1.7,1043,771130,17.7,16,
San Acacia,7000,1.7,114,AB,2 inlets attaching to a single backwater,Inlet,2,1.7,1043,779430,17.9,16.2,